Ticker,Title,Source,Date/Time
AVAXUSD,Avalanche Foundation eyes $1 billion to set up AVAX treasury firms in US: FT,The Block,Thu\, 11 Sep 2025 05:11:58 GMT
ADAUSD,Cardano (ADA) Price Predictions for the Week Ahead,CryptoPotato,Thu\, 11 Sep 2025 07:00:20 GMT
ADAUSD,Top Altcoins to Buy Before the FED’s September 17th Interest Rate Decision,Coinpedia,Thu\, 11 Sep 2025 06:47:40 GMT
ADAUSD,Cardano Price Eyes $1 as Whales Drive Momentum Higher?,Coinpedia,Thu\, 11 Sep 2025 06:24:46 GMT
BTCUSD, Bitcoin price can hit $160K in October as MACD golden cross returns ,Cointelegraph,Thu\, 11 Sep 2025 09:10:48 GMT
BTCUSD,Liquidity Tug-of-War on Binance Could Push Bitcoin (BTC) Into Its Next Bullish Leg,CryptoPotato,Thu\, 11 Sep 2025 08:40:09 GMT
BTCUSD,N/A,Dow Jones Newswires,Thu\, 11 Sep 2025 08:27:00 GMT
BTCUSD,Rex-Osprey Set to Launch Bitcoin\, XRP\, and Dogecoin ETFs This Week,Coinpedia,Thu\, 11 Sep 2025 08:19:53 GMT
BTCUSD,Bitcoin Price Climbs to 2-Week High at $114K Ahead of US CPI Data: Market Watch,CryptoPotato,Thu\, 11 Sep 2025 07:40:05 GMT
BTCUSD,John Lennon's Son Praises Bitcoin Against Money Printing,U.Today,Thu\, 11 Sep 2025 07:36:00 GMT
BTCUSD, How Hyperliquid hit $330B in monthly trading volume with just 11 employees ,Cointelegraph,Thu\, 11 Sep 2025 07:28:05 GMT
BTCUSD,US CPI Data Release Today: Will Bitcoin Price Explode or Crash?,Coinpedia,Thu\, 11 Sep 2025 07:25:31 GMT
BTCUSD,Exclusive: ‘Bitcoin Is Less Tech\, More Money\,’ Says GetBit CEO,Coinpedia,Thu\, 11 Sep 2025 07:10:55 GMT
BTCUSD,Krueger Predicts US Could Buy Bitcoin With Tariff Revenue,U.Today,Thu\, 11 Sep 2025 07:09:35 GMT
BTCUSD,Daily ETF Flow Report (September 10): Bitcoin ETFs Top $757M While Ethereum ETFs See $171M Inflows,Coinpedia,Thu\, 11 Sep 2025 06:33:55 GMT
BTCUSD, Russia could consider crypto bank to combat fraud\, help miners ,Cointelegraph,Thu\, 11 Sep 2025 06:29:04 GMT
BTCUSD, Sending Bitcoin to Mars is now theoretically possible: Researchers ,Cointelegraph,Thu\, 11 Sep 2025 06:05:58 GMT
BTCUSD, BitMine makes second huge ETH grab this week\, holdings hit $9.2B ,Cointelegraph,Thu\, 11 Sep 2025 06:02:26 GMT
BTCUSD,Bitmine Expands ETH Treasury\, Scoops $201M Worth Ethereum From Bitgo,CryptoNews,Thu\, 11 Sep 2025 06:00:51 GMT
BTCUSD,REG - Vaultz Capital PLC - Directorate Change,London Stock Exchange,Thu\, 11 Sep 2025 06:00:16 GMT
BTCUSD,REG - Hamak Gold Limited - Admission to Trading on the OTCQB Market,London Stock Exchange,Thu\, 11 Sep 2025 06:00:11 GMT
BTCUSD,Tom Lee: 'Bitcoin and Ethereum Are Friends',U.Today,Thu\, 11 Sep 2025 05:34:19 GMT
BTCUSD,Scroll DAO Suspends Operations Following Mass Resignations,CryptoNews,Thu\, 11 Sep 2025 04:35:39 GMT
BTCUSD,Charlie Kirk Shot Dead in Utah: Trump Ally Advocated Bitcoin Reserve Funded by Tariffs\, Predicted $1M Price,Coinpedia,Thu\, 11 Sep 2025 04:28:23 GMT
BTCUSD,China’s Hip-hop Base Begins DAT: Invests $33M in Bitcoin,Beincrypto,Thu\, 11 Sep 2025 03:45:58 GMT
BTCUSD,Why Is Crypto Up Today? Bitcoin\, Ethereum\, XRP and Altcoins Breakout,Coinpedia,Thu\, 11 Sep 2025 03:41:34 GMT
